甜美可爱2016秋冬修身百搭高领加绒加厚针织打底长袖短款连衣裙女,http://image.taobao.com/bao/uploaded/i2/390792519/TB2owCKcByN.eBjSZFkXXb8YFXa_!!390792519.png,128.00,5元无条件券,https://s.click.taobao.com/POR96Hx
宿本秋装新款韩版文艺清新小翻领长袖纯棉蓝白格子衬衫宽松衬衣女,http://img03.taobaocdn.com/bao/uploaded/i3/274912906/TB2IgedamFjpuFjSspbXXXagVXa_!!274912906.jpg,89.00,满6元减5元,https://s.click.taobao.com/89S96Hx
原创秋冬中长款红色复古彼岸花OP宽松A字打底裙长袖加厚连衣裙女,http://img04.taobaocdn.com/bao/uploaded/i4/112670767/TB2QHV_aHJmpuFjSZFwXXaE4VXa_!!112670767.jpg,208.00,满188元减10元,https://s.click.taobao.com/PBU96Hx
西西小可冬季新款韩版百搭宽松高腰毛呢九分显瘦哈伦裤休闲裤女潮,http://img02.taobaocdn.com/bao/uploaded/i2/13410985/TB2s9ggfiGO.eBjSZFjXXcU9FXa_!!13410985.jpg,128.10,满21元减20元,https://s.click.taobao.com/OBU96Hx
冬季加绒加厚保暖长袖棉麻连衣裙印花民族风夹棉长裙宽松袍子,http://img01.taobaocdn.com/bao/uploaded/i1/TB1929.IVXXXXaoapXXXXXXXXXX_!!0-item_pic.jpg,54.56,满5元减3元,https://s.click.taobao.com/zcQ96Hx
JHXC 立体裁剪加厚含羊毛百搭纯色宽松哈伦裤女秋冬九分裤毛呢裤,http://img04.taobaocdn.com/bao/uploaded/i4/750666440/TB2jP63XYBmpuFjSZFuXXaG_XXa_!!750666440.jpg,79.90,3元无条件券,https://s.click.taobao.com/ZtR96Hx
小虫 立体提花 鱼尾摆 收腰无袖连衣裙[TE6XLY271],http://img02.taobaocdn.com/bao/uploaded/i2/12375520/TB2ygdceb1J.eBjy1zeXXX9kVXa_!!12375520.jpg,299.00,满299元减5元,https://s.click.taobao.com/7SV96Hx
魔衣宝贝2016冬季新款女韩版松紧腰金丝绒休闲裤哈伦裤卫裤运动裤,http://img03.taobaocdn.com/bao/uploaded/i3/398835806/TB22WhGamiJ.eBjSszfXXa4bVXa_!!398835806.jpg,89.00,5元无条件券,https://s.click.taobao.com/wcQ96Hx
2016冬季新款韩版修身显瘦纯色小脚弹力裤女百搭加绒铅笔裤长裤子,http://img03.taobaocdn.com/bao/uploaded/i3/380101244/TB2o8rcd9iK.eBjSZFsXXbxZpXa_!!380101244.jpg,89.10,5元无条件券,https://s.click.taobao.com/JQT96Hx
洛-eb96 新款2016冬装韩版女装圆领眼睛刺绣荷叶边套头连衣裙K-11,http://img02.taobaocdn.com/bao/uploaded/i2/56651352/TB2waYccSuJ.eBjy0FgXXXBBXXa_!!56651352.jpg,69.00,5元无条件券,https://s.click.taobao.com/ogT96Hx
白云 文艺淑女连衣裙春秋欧根纱雪纺刺绣花白色彼得潘领复古中裙,http://image.taobao.com/bao/uploaded/i6/TB1KTcELFXXXXXFaXXXYXGcGpXX_M2.SS2,198.00,5元无条件券,https://s.click.taobao.com/HBU96Hx
初语秋装新款女裤休闲裤显瘦修身铅笔裤,http://img01.taobaocdn.com/bao/uploaded/i1/TB1sPf9OFXXXXc_XpXXXXXXXXXX_!!0-item_pic.jpg,299.00,满299元减60元,https://s.click.taobao.com/rgU96Hx
SecretBox2016秋季韩版女装中长款宽松简约休闲长袖 衬衫 女C7610,http://img02.taobaocdn.com/bao/uploaded/i2/38656902/TB2nhxytFXXXXbVXpXXXXXXXXXX_!!38656902.jpg,158.00,5元无条件券,https://s.click.taobao.com/5xU96Hx
2016秋季韩版短款不规则裙纯色PU皮半身裙韩国高腰A字裙短裙皮裙,http://image.taobao.com/bao/uploaded/i1/TB18.icKVXXXXbnXFXXYXGcGpXX_M2.SS2,69.00,满68元减5元,https://s.click.taobao.com/YlK96Hx
罗家精品2016冬季女装新款重工刺绣立体花半高领丝绒摆毛绒连衣裙,http://img01.taobaocdn.com/bao/uploaded/i1/TB1WGheOFXXXXc.XpXXXXXXXXXX_!!0-item_pic.jpg,228.00,满30元减10元,https://s.click.taobao.com/5OQ96Hx
Sukii SR/2016冬 杂色修身感微喇设计针织长裤.160284特,http://img02.taobaocdn.com/bao/uploaded/i2/TB1pe4JOFXXXXa5XVXXXXXXXXXX_!!0-item_pic.jpg,188.00,5元无条件券,https://s.click.taobao.com/4OR96Hx
艾格Weekend2016秋装黑色休闲百搭七分阔腿裤西装裤女160220002,http://img04.taobaocdn.com/bao/uploaded/i4/TB1kPimMVXXXXbbXVXXXXXXXXXX_!!0-item_pic.jpg,99.00,满11元减10元,https://s.click.taobao.com/jWL96Hx
【天天特价】秋冬女毛呢九分裤格子哈伦裤韩版高腰宽松显瘦加厚,http://img02.taobaocdn.com/bao/uploaded/i2/713394903/TB2UtAqcigSXeFjy0FcXXahAXXa_!!713394903.jpg,89.00,满79元减3元,https://s.click.taobao.com/qNS96Hx
TUANTUAN 掌柜推荐款！3粒扣可调节背带超厚实呢子背带裙 2色入,http://img02.taobaocdn.com/bao/uploaded/i2/56394435/TB2rIPwcNaK.eBjSZFAXXczFXXa_!!56394435.jpg,89.10,满10元减5元,https://s.click.taobao.com/swU96Hx
名媛小香风优雅重工钩花黑白拼色圆领长袖套头弹力修身针织连衣裙,http://img01.taobaocdn.com/bao/uploaded/i1/12883669/TB2aTUTcyGO.eBjSZFjXXcU9FXa_!!12883669.jpg,255.00,满248元减10元,https://s.click.taobao.com/OJN96Hx
圣诞节日氛围~金葱亮丝线五角星提花中长款羊毛针织毛衣裙连衣裙,http://image.taobao.com/bao/uploaded/i6/TB1vqDkOFXXXXaUaFXXYXGcGpXX_M2.SS2,279.00,满168元减10元,https://s.click.taobao.com/0OR96Hx
原创设计2016年新款夏季复古高腰蕾丝提花阔腿裤大码镂空宽松长裤,http://img04.taobaocdn.com/bao/uploaded/i4/TB1jr42KFXXXXanaXXXXXXXXXXX_!!0-item_pic.jpg,42.06,满5元减3元,https://s.click.taobao.com/75P96Hx
针织连衣裙中长款2017春装新款韩版拼接修身长袖一字领A字裙子女,http://img03.taobaocdn.com/bao/uploaded/i3/439492090/TB2hOfXahBmpuFjSZFsXXcXpFXa-439492090.jpg,159.00,满159元减10元,https://s.click.taobao.com/OlK96Hx
小番茄预定 2016秋冬新款韩版显瘦绒面绑带休闲短裤女 加厚,http://img03.taobaocdn.com/bao/uploaded/i3/101126324/TB2FttLcA1M.eBjSZFOXXc0rFXa_!!101126324.jpg,89.10,满69元减5元,https://s.click.taobao.com/ScQ96Hx
素旧安歌秋冬文艺复古休闲裤长裤百搭宽松灯芯绒工装裤阔腿裤女,http://image.taobao.com/bao/uploaded/i4/TB19uaXNXXXXXaHXVXXYXGcGpXX_M2.SS2,126.00,3元无条件券,https://s.click.taobao.com/e8S96Hx
蔡珍妮の店 显瘦加绒休闲运动裤女长裤哈伦裤小脚裤宽松TD64061,http://img01.taobaocdn.com/bao/uploaded/i1/1911317289/TB2EKUScAWM.eBjSZFhXXbdWpXa_!!1911317289.jpg,186.00,10元无条件券,https://s.click.taobao.com/SIM96Hx
冬季韩版新款磨破破洞牛仔裤女学生潮流长裤宽松显瘦铅笔裤九分裤,http://img03.taobaocdn.com/bao/uploaded/i3/73861778/TB2gFQUX4lmpuFjSZPfXXc9iXXa_!!73861778.jpg,125.60,5元无条件券,https://s.click.taobao.com/smL96Hx
2016冬季新款女裤 韩版显瘦修身水洗毛边重工牛仔长裤休闲阔腿裤,http://img03.taobaocdn.com/bao/uploaded/i3/37082293/TB2tqawal4lpuFjy1zjXXcAKpXa_!!37082293.jpg,145.00,5元无条件券,https://s.click.taobao.com/W2M96Hx
秋冬季新款韩国女士宽松百搭时尚长裤子显瘦卷边直筒加厚牛仔裤,http://img04.taobaocdn.com/bao/uploaded/i4/285892163/TB29ALJXB8kpuFjSspeXXc7IpXa_!!285892163.jpg,95.10,5元无条件券,https://s.click.taobao.com/omL96Hx
冬季大码女装假两件拼接蕾丝边丝绒连衣裙长袖打底裙荷叶边长裙子,http://img02.taobaocdn.com/bao/uploaded/i2/88994227/TB2Ck2xb9GI.eBjSspcXXcVjFXa_!!88994227.jpg,115.00,5元无条件券,https://s.click.taobao.com/ZrP96Hx
三彩2016秋秋新款修身镂空红色蕾丝连衣裙打底女D612077L10,http://img04.taobaocdn.com/bao/uploaded/i4/TB1ZBzRLVXXXXabXFXXXXXXXXXX_!!0-item_pic.jpg,228.00,满30元减5元,https://s.click.taobao.com/wZO96Hx
2016冬季新款女装 韩版显瘦修身针织中长半身裙高腰包臀大摆裙子,http://img03.taobaocdn.com/bao/uploaded/i3/37082293/TB2JWCwab8kpuFjy0FcXXaUhpXa_!!37082293.jpg,129.00,5元无条件券,https://s.click.taobao.com/Y8S96Hx
冬季韩版新款高腰铅笔裤加绒牛仔裤女九分裤修身弹力加厚小脚裤潮,http://img04.taobaocdn.com/bao/uploaded/i4/73861778/TB2uNMydmOI.eBjy1zkXXadxFXa_!!73861778.jpg,88.00,5元无条件券,https://s.click.taobao.com/JcQ96Hx
冬季新款2016哈伦裤女直筒休闲裤小脚裤学生运动针织长裤九分裤潮,http://img01.taobaocdn.com/bao/uploaded/i1/285892163/TB2OroJdCiK.eBjSZFsXXbxZpXa_!!285892163.jpg,148.60,5元无条件券,https://s.click.taobao.com/3LP96Hx
2016秋冬新款荷叶边裙子女冬裙冬季女装拼接中长款碎花长袖连衣裙,http://img04.taobaocdn.com/bao/uploaded/i4/595412874/TB27dbvaoWO.eBjSZPcXXbopVXa_!!595412874.jpg,99.00,满6元减5元,https://s.click.taobao.com/M2M96Hx
2017春冬新款民族风棉麻复古中式盘扣拼色连衣裙打底裙,http://img01.taobaocdn.com/bao/uploaded/i1/TB17EuUNXXXXXXmaXXXXXXXXXXX_!!0-item_pic.jpg,48.40,满5元减3元,https://s.click.taobao.com/dwU96Hx
芊艺女冬装长袖加绒衬衣民族风修身衬衫原宿娃娃领打底衫164C3340,http://img03.taobaocdn.com/bao/uploaded/i3/2640370449/TB22pBHXNAX61Bjy1XcXXXjspXa_!!2640370449.jpg,99.80,满59元减20元,https://s.click.taobao.com/0JN96Hx
复古中国风秋冬款连衣裙加绒加厚宽松长裙子碎花旗袍冬裙长款棉衣,http://image.taobao.com/bao/uploaded/i1/TB1gSsYOXXXXXb2aXXXXXXXXXXX_!!2-item_pic.png,99.00,满98元减5元,https://s.click.taobao.com/r4P96Hx
秋冬新款时尚高领流苏针织连衣裙套头毛衣直筒长裙长款打底一步裙,http://img04.taobaocdn.com/bao/uploaded/i4/291516739/TB2TLA9aBLzQeBjSZFoXXc5gFXa_!!291516739.jpg,146.00,满109元减10元,https://s.click.taobao.com/YwU96Hx
2016爱爱丸12.12冬装新款 基础款高腰显瘦纯色兔绒包芯纱A字短裙,http://img01.taobaocdn.com/bao/uploaded/i1/46216288/TB2pIA.XMJlpuFjSspjXXcT.pXa_!!46216288.jpg,108.00,5元无条件券,https://s.click.taobao.com/fdS96Hx
芮时 2016秋冬 高腰羊毛呢系带腰带式百搭九分直筒阔腿裤女,http://img02.taobaocdn.com/bao/uploaded/i2/289910206/TB2TDo2XR0lpuFjSszdXXcdxFXa_!!289910206.jpg,269.00,5元无条件券,https://s.click.taobao.com/eZO96Hx
冬装新款女装2016韩版三粒扣修身显瘦小脚裤休闲裤长裤加绒加厚,http://img04.taobaocdn.com/bao/uploaded/i4/20604171/TB2f5.lXH1J.eBjSszcXXbFzVXa_!!20604171.jpg,66.00,满4元减3元,https://s.click.taobao.com/dtS96Hx
猫酱紫日系显瘦百搭黑色磨毛阔腿裤原创加厚九分裤休闲裤,http://img02.taobaocdn.com/bao/uploaded/i2/1994593259/TB2QNivXYBnpuFjSZFGXXX51pXa_!!1994593259.jpg,148.00,5元无条件券,https://s.click.taobao.com/YPT96Hx
艾格ES2016秋装可爱印花休闲运动长裤女160320111,http://img01.taobaocdn.com/bao/uploaded/i1/2750674939/TB2THXZdSiJ.eBjSspfXXbBKFXa_!!2750674939.jpg,124.00,满11元减10元,https://s.click.taobao.com/wrQ96Hx
宿本冬装新款文艺高腰显瘦荷叶边灯芯绒半身裙中长款鱼尾裙大摆裙,http://img04.taobaocdn.com/bao/uploaded/i4/274912906/TB28aehamJjpuFjy0FdXXXmoFXa_!!274912906.jpg,119.00,满6元减5元,https://s.click.taobao.com/YNQ96Hx
ifashion秋冬MISSQ金丝绒字母刺绣卫衣宽松学生韩版长袖T恤女上衣,http://img03.taobaocdn.com/bao/uploaded/i3/TB1rHKMNVXXXXbbXXXXXXXXXXXX_!!0-item_pic.jpg,69.00,5元无条件券,https://s.click.taobao.com/XNQ96Hx
实拍文艺冬季加厚棉裤女款垮裤宽松大码棉麻九分裤哈伦裤女,http://img02.taobaocdn.com/bao/uploaded/i2/TB1B5HbOXXXXXXzXFXXXXXXXXXX_!!0-item_pic.jpg,45.76,满5元减3元,https://s.click.taobao.com/62M96Hx
RUOYU若语 欧美收腰显瘦A字打底裙套头V领系带高腰连衣裙中长款,http://img01.taobaocdn.com/bao/uploaded/i1/160721635/TB2ekpAXl0kpuFjSsziXXa.oVXa_!!160721635.jpg,179.00,20元无条件券,https://s.click.taobao.com/prQ96Hx
2016冬季新款褶皱a字裙百褶裙女 秋冬韩版女装百搭高腰半身裙短裙,http://img03.taobaocdn.com/bao/uploaded/i3/595412874/TB27uFheLOM.eBjSZFqXXculVXa_!!595412874.jpg,69.00,满6元减5元,https://s.click.taobao.com/9oN96Hx
加厚毛呢裤冬装女新款韩版休闲显瘦运动百搭宽松呢子九分裤 潮,http://img01.taobaocdn.com/bao/uploaded/i1/1200778/TB2poo9Xr4npuFjSZFmXXXl4FXa_!!1200778.jpg,95.00,5元无条件券,https://s.click.taobao.com/FXM96Hx
重工刺绣蕾丝连衣裙中长款修身显瘦a型春秋款2017新款性感裙子潮/,http://image.taobao.com/bao/uploaded/i3/1856864234/TB2N3sxaHXlpuFjy1zbXXb_qpXa_!!1856864234.gif,239.00,满189元减20元,https://s.click.taobao.com/9NS96Hx
2016冬装新款韩版圆领长袖松紧腰百褶蕾丝拼接中长款连衣裙女L647,http://img02.taobaocdn.com/bao/uploaded/i2/162734861/TB2NT_mdYmI.eBjy1zjXXaq5VXa_!!162734861.jpg,149.00,5元无条件券,https://s.click.taobao.com/6oN96Hx
2016冬季新款女装上衣轻奢金丝绒女士长袖衬衫女秋冬打底保暖衬衣,http://img04.taobaocdn.com/bao/uploaded/i4/125353333/TB2ILdHauNOdeFjSZFBXXctzXXa_!!125353333.jpg,108.00,满99元减5元,https://s.click.taobao.com/1WL96Hx
秋冬新款2016黑色针织裙半身裙高腰女中长款 冬季a字伞裙长大摆裙,http://img04.taobaocdn.com/bao/uploaded/i4/186200743/TB2yj4.arDD11BjSszfXXbwoFXa_!!186200743.jpg,139.00,10元无条件券,https://s.click.taobao.com/PFL96Hx
DOOLITTLE 4色皮毛一体大摆半裙 随意门SYM 秋冬新款女装,http://img01.taobaocdn.com/bao/uploaded/i1/36046971/TB2LYfXadXnpuFjSZFoXXXLcpXa_!!36046971.jpg,263.40,10元无条件券,https://s.click.taobao.com/dVK96Hx
RUOYU若语 秋季新品欧美风百搭小脚裤修身显瘦天鹅绒休闲长裤女,http://img03.taobaocdn.com/bao/uploaded/i3/160721635/TB2tX0DasrC11Bjy1zjXXcduVXa_!!160721635.jpg,159.00,20元无条件券,https://s.click.taobao.com/X6Q96Hx
外穿高腰阔腿裤休闲裤压明线纽扣口袋靴裤毛呢短裤女士秋冬款2016,http://img01.taobaocdn.com/bao/uploaded/i1/TB1vB17OpXXXXXpaFXXXXXXXXXX_!!0-item_pic.jpg,112.50,5元无条件券,https://s.click.taobao.com/BwT96Hx
JHXC 韩国刺绣中长款喇叭袖套头加绒加厚卫衣女秋冬鱼尾裙连衣裙,http://img04.taobaocdn.com/bao/uploaded/i4/750666440/TB2AWjGcA1M.eBjSZPiXXawfpXa_!!750666440.jpg,78.00,3元无条件券,https://s.click.taobao.com/vkK96Hx
阔腿裤女2016冬装新款女装韩版时尚潮款松紧腰毛呢裤子宽松九分裤,http://img03.taobaocdn.com/bao/uploaded/i3/303934881/TB2Gwu9XNhmpuFjSZFyXXcLdFXa_!!303934881.jpg,105.60,10元无条件券,https://s.click.taobao.com/rHM96Hx
【OWOLE 朴瑟seul】黑色9分直筒裤,http://img02.taobaocdn.com/bao/uploaded/i2/2599312972/TB2mUxfXOlnpuFjSZFgXXbi7FXa_!!2599312972.jpg,189.00,满6元减5元,https://s.click.taobao.com/bmM96Hx
秋冬款亚麻女裤大码棉麻萝卜裤宽松夹棉加厚棉裤复古长裤哈伦裤子,http://img03.taobaocdn.com/bao/uploaded/i3/15897785/TB24PG2cduO.eBjSZFCXXXULFXa_!!15897785.jpg,88.00,5元无条件券,https://s.click.taobao.com/DwU96Hx
蔷薇欧美女装长款打底裙冬季大码长袖堆堆领金丝绒裙黑色连衣裙子,http://img01.taobaocdn.com/bao/uploaded/i1/88994227/TB2_NWOdZaK.eBjSspjXXXL.XXa_!!88994227.jpg,65.00,5元无条件券,https://s.click.taobao.com/V4P96Hx
纯色高腰休闲裤女长裤呢子宽松百搭2016冬季新款毛呢阔腿裤韩版潮,http://img03.taobaocdn.com/bao/uploaded/i3/84269898/TB2cVc1dNaJ.eBjSsziXXaJ_XXa_!!84269898.jpg,119.90,3元无条件券,https://s.click.taobao.com/P6Q96Hx
加绒加厚牛仔裤女长裤2016新款潮欧洲站高腰显瘦小脚裤黑色女裤子,http://img03.taobaocdn.com/bao/uploaded/i3/TB15FtcOXXXXXbmXFXXXXXXXXXX_!!0-item_pic.jpg,129.00,满99元减5元,https://s.click.taobao.com/44O96Hx
ZZ名品2016冬装新款欧美大牌撞色显瘦毛呢A字不规则短半裙zj10078,http://img03.taobaocdn.com/bao/uploaded/i3/21659330/TB25g7leheI.eBjSsplXXX6GFXa_!!21659330.jpg,168.00,10元无条件券,https://s.click.taobao.com/ipO96Hx
小虫 羊绒羊毛 拯救审美疲劳 前后开叉半裙[TE6QBQ032],http://img01.taobaocdn.com/bao/uploaded/i1/12375520/TB2tyOPbxeJ.eBjy1zdXXXfmFXa_!!12375520.jpg,988.20,满499元减10元,https://s.click.taobao.com/qbQ96Hx
【OWOLE 朴瑟seul】显瘦微喇牛仔裤,http://img03.taobaocdn.com/bao/uploaded/i3/2599312972/TB22Tn9fiKO.eBjSZPhXXXqcpXa_!!2599312972.jpg,169.00,满6元减5元,https://s.click.taobao.com/cZP96Hx
罗家RMOJUL 2017早春女装新款 荷叶边丝绒拼接雪纺礼服长裙连衣裙,http://img02.taobaocdn.com/bao/uploaded/i2/TB1pi59OFXXXXaYapXXXXXXXXXX_!!0-item_pic.jpg,278.00,满30元减10元,https://s.click.taobao.com/hVL96Hx
罗家RMOJUL 2017早春女装新款撞色小翻领拼色门襟OL真丝衬衫上衣,http://img02.taobaocdn.com/bao/uploaded/i2/TB1E5v5OFXXXXX5XFXXXXXXXXXX_!!0-item_pic.jpg,248.00,满30元减10元,https://s.click.taobao.com/0dS96Hx
真丝衬衫女长袖宝石2016秋季新款百搭简约宽松气质职业纯色衬衣,http://img03.taobaocdn.com/bao/uploaded/i3/112149972/TB2NByKppXXXXbrXXXXXXXXXXXX_!!112149972.jpg,289.00,满99元减10元,https://s.click.taobao.com/hbQ96Hx
FANFAN Studio 宽松显瘦八分阔腿裤立体剪裁简约加绒皮裤女,http://img04.taobaocdn.com/bao/uploaded/i4/108727117/TB2VrD3b9KI.eBjy1zcXXXIOpXa_!!108727117.jpg,98.00,3元无条件券,https://s.click.taobao.com/AzK96Hx
春秋女装白色网纱刺绣仙女神蕾丝连衣裙高腰长袖海边度假沙滩长裙,http://img01.taobaocdn.com/bao/uploaded/i1/76658125/TB2lq6LeVOP.eBjSZFHXXXQnpXa_!!76658125.jpg,158.00,满98元减5元,https://s.click.taobao.com/K4P96Hx
2016秋冬新款女装裙子女百褶裙 冬季高腰黑色半身裙中长款冬裙潮,http://img04.taobaocdn.com/bao/uploaded/i4/595412874/TB2MBchc5GO.eBjSZFEXXcy9VXa_!!595412874.jpg,119.00,满6元减5元,https://s.click.taobao.com/h6R96Hx
2016秋冬季新款韩版休闲加厚高腰宽松毛呢短裤女外穿黑色阔腿裤,http://img02.taobaocdn.com/bao/uploaded/i2/398835806/TB2.6XCdceK.eBjSszgXXczFpXa_!!398835806.jpg,79.00,5元无条件券,https://s.click.taobao.com/u9T96Hx
特价2016夏款新款文艺复古刺绣民族风棉麻假两件套短袖连衣裙,http://img03.taobaocdn.com/bao/uploaded/i3/TB1WBNjJFXXXXcQXFXXXXXXXXXX_!!0-item_pic.jpg,44.00,满5元减3元,https://s.click.taobao.com/z1N96Hx
Aviva On Earth黑色裤子长裤加厚款面料松紧腰休闲裤女宽松秋冬季,http://img01.taobaocdn.com/bao/uploaded/i1/381329993/TB2wE3Mbb1J.eBjSszcXXbFzVXa_!!381329993.jpg,299.00,满10元减5元,https://s.click.taobao.com/LZP96Hx
2016秋装新款文艺复古七分袖雪纺连衣裙显瘦海边度假沙滩裙夏长裙,http://img01.taobaocdn.com/bao/uploaded/i1/76658125/TB2_aiiag_xQeBjy0FoXXX1vpXa_!!76658125.jpg,138.00,满98元减5元,https://s.click.taobao.com/7PT96Hx
蔡珍妮の店 冬季款复古格子阔腿连体裤背带裤女休闲裤九分TD63004,http://img02.taobaocdn.com/bao/uploaded/i2/1911317289/TB2RaVhXbRkpuFjSspmXXc.9XXa_!!1911317289.jpg,158.00,10元无条件券,https://s.click.taobao.com/Z6R96Hx
冬季新款韩版系带蝴蝶结领针织连衣裙秋冬裙子女装修身显瘦打底裙,http://img01.taobaocdn.com/bao/uploaded/i1/TB1uDn8OFXXXXasapXXXXXXXXXX_!!0-item_pic.jpg,79.00,满79元减3元,https://s.click.taobao.com/mMS96Hx
唐家欧美2016秋冬新款女高领显瘦厚实针织连衣裙包臀裙子打底裙,http://img01.taobaocdn.com/bao/uploaded/i1/TB1e72pOFXXXXctXFXXXXXXXXXX_!!0-item_pic.jpg,168.00,满50元减10元,https://s.click.taobao.com/usS96Hx
棽婵-a853 新款2016冬装韩版女装圆领假两件格子显瘦连衣裙L-15,http://img03.taobaocdn.com/bao/uploaded/i3/56651352/TB2wgsQa80kpuFjSsppXXcGTXXa_!!56651352.jpg,105.50,5元无条件券,https://s.click.taobao.com/LbQ96Hx
卡农自制 韩范百搭纯色明线装饰双口袋半身裙/A字裙/短裙 女包邮,http://img04.taobaocdn.com/bao/uploaded/i4/34907191/TB20iiTcl9J.eBjy0FoXXXyvpXa_!!34907191.jpg,59.90,3元无条件券,https://s.click.taobao.com/6rQ96Hx
凶猛熊猫2016冬装新款韩版圆领收腰系带拼接蕾丝针织连衣裙K21,http://img02.taobaocdn.com/bao/uploaded/i2/136781748/TB2Z_.AdNeK.eBjSZFlXXaywXXa_!!136781748.jpg,89.00,10元无条件券,https://s.click.taobao.com/BZP96Hx
泰国潮牌礼服性感露背V领镂空蕾丝吊带连衣裙海边度假必备沙滩裙,http://img04.taobaocdn.com/bao/uploaded/i4/100296507/TB2rpekdSiJ.eBjSspoXXcpMFXa_!!100296507.jpg,169.00,5元无条件券,https://s.click.taobao.com/9kJ96Hx
小窝家韩国秋冬打底裤女加厚加绒保暖紧身压力弹力踩脚不起球A125,http://img02.taobaocdn.com/bao/uploaded/i2/62017656/TB2zGhFa0uO.eBjSZFCXXXULFXa_!!62017656.jpg,49.00,3元无条件券,https://s.click.taobao.com/w5Q96Hx
棽逸-a858 新款2016冬装韩版女装加绒字母刺绣拼网纱连衣裙L-19,http://img04.taobaocdn.com/bao/uploaded/i4/56651352/TB25JEdbEhnpuFjSZFpXXcpuXXa_!!56651352.jpg,69.90,5元无条件券,https://s.click.taobao.com/rIO96Hx
小虫 复古百褶工艺 扬子纱羊毛针织半裙[TE5QBQ096],http://img03.taobaocdn.com/bao/uploaded/i3/12375520/TB2STCpffOM.eBjSZFqXXculVXa_!!12375520.jpg,394.68,满299元减5元,https://s.click.taobao.com/fYO96Hx
枪枪家2016秋冬新款中国风气质修身显瘦针织连衣裙复古改良旗袍裙,http://img03.taobaocdn.com/bao/uploaded/i3/34568354/TB2bKIQdH1J.eBjy1zeXXX9kVXa_!!34568354.jpg,121.52,10元无条件券,https://s.click.taobao.com/8bQ96Hx
TUANTUAN 每年必入！超大弹力秋冬加绒显瘦黑色紧身包腿弹力裤,http://img01.taobaocdn.com/bao/uploaded/i1/56394435/TB2KyU9a9iJ.eBjSspoXXcpMFXa_!!56394435.jpg,58.50,满10元减5元,https://s.click.taobao.com/mMR96Hx
FANFAN Studio 2016秋冬新款橘红色紧身显瘦打底针织羊毛连衣裙女,http://img03.taobaocdn.com/bao/uploaded/i3/108727117/TB2IH5rb9GI.eBjSspcXXcVjFXa_!!108727117.jpg,228.00,3元无条件券,https://s.click.taobao.com/x3P96Hx
2016半身裙秋冬长裙新款女复古加厚羊毛呢格子长裙文艺拼皮大摆,http://img03.taobaocdn.com/bao/uploaded/i3/258859383/TB22e_4cNaK.eBjSZFwXXXjsFXa_!!258859383.jpg,108.00,3元无条件券,https://s.click.taobao.com/IYN96Hx
【特卖100元】尚都比拉鱼尾裙半身裙2016秋季荷叶边高腰包臀裙女,http://img01.taobaocdn.com/bao/uploaded/i1/689688633/TB2cYOGbxlmpuFjSZPfXXc9iXXa_!!689688633.jpg,168.00,满99元减5元,https://s.click.taobao.com/d1N96Hx
【特卖85元】尚都比拉2016秋冬季新款女装半身裙毛呢格子短裙显瘦,http://img04.taobaocdn.com/bao/uploaded/i4/689688633/TB2SYkUaYtlpuFjSspfXXXLUpXa_!!689688633.jpg,248.00,满199元减10元,https://s.click.taobao.com/BKP96Hx
MIUCO女装2017春新款黑白拼接翻领真丝缎蝴蝶结修身假两件连衣裙,http://img01.taobaocdn.com/bao/uploaded/i1/671012022/TB2tzqbawRkpuFjy1zeXXc.6FXa_!!671012022.jpg,298.00,5元无条件券,https://s.click.taobao.com/mHN96Hx
【天天特价】拉链a字裙 裙子秋装女款2016百搭半身裙短裙秋冬款潮,http://img03.taobaocdn.com/bao/uploaded/i3/22043096/TB2SfieXwFkpuFjSspnXXb4qFXa_!!22043096.jpg,129.00,10元无条件券,https://s.click.taobao.com/VMS96Hx
6C10冬装新款女2016韩版气质百搭松紧腰宽松毛呢阔腿裤七分休闲裤,http://img03.taobaocdn.com/bao/uploaded/i3/64451065/TB2mQi2ecaK.eBjSspjXXXL.XXa_!!64451065.jpg,67.00,10元无条件券,https://s.click.taobao.com/RWM96Hx
低俗小説 自制2017春装新款文艺复古宫廷风小盘扣立领印花连衣裙,http://img01.taobaocdn.com/bao/uploaded/i1/2177361578/TB2krvjcwSI.eBjy1XcXXc1jXXa_!!2177361578.jpg,108.00,满100元减5元,https://s.click.taobao.com/jyK96Hx
韩版2016秋冬新品磨破黑色牛仔裤女小脚裤显瘦百搭长裤铅笔裤潮,http://img04.taobaocdn.com/bao/uploaded/i4/211226488/TB293ELb7WM.eBjSZFhXXbdWpXa_!!211226488.jpg,119.00,5元无条件券,https://s.click.taobao.com/oUK96Hx
连衣裙春秋款2017新款a型网纱拼接长袖修身显瘦百搭女装春装裙子/,http://image.taobao.com/bao/uploaded/i2/1856864234/TB29ewEaMFkpuFjSspnXXb4qFXa_!!1856864234.gif,265.00,满189元减20元,https://s.click.taobao.com/P3O96Hx
2016秋冬季新款韩版宽松灯芯绒背带裤女休闲高腰显瘦吊带长裤子潮,http://image.taobao.com/bao/uploaded/i4/TB1mzVVNFXXXXaFXFXXYXGcGpXX_M2.SS2,118.00,满8元减5元,https://s.click.taobao.com/j5Q96Hx
加绒保暖裙裤冬装女松紧腰新款假薄纱蓬蓬两件套打底裤半身裙 潮,http://img01.taobaocdn.com/bao/uploaded/i1/1200778/TB2CC78XyRnpuFjSZFCXXX2DXXa_!!1200778.jpg,79.00,5元无条件券,https://s.click.taobao.com/8pO96Hx
针织连衣裙秋冬款2016新款女装短裙韩版宽松长袖显瘦加厚打底裙潮,http://img01.taobaocdn.com/bao/uploaded/i1/240575018/TB24enSXr0kpuFjy0FjXXcBbVXa_!!240575018.jpg,169.00,10元无条件券,https://s.click.taobao.com/NYO96Hx
双12超显瘦的加厚版脚口开叉休闲裤九分裤直筒西装毛呢裤品质女裤,http://img02.taobaocdn.com/bao/uploaded/i2/60627532/TB2mCmmXR8lpuFjSspaXXXJKpXa_!!60627532.jpg,147.00,满99元减3元,https://s.click.taobao.com/a5Q96Hx
罗家精品 2016冬季女装新款 针织袖貂绒拼接蕾丝假两件修身连衣裙,http://img01.taobaocdn.com/bao/uploaded/i1/TB1ofb3OpXXXXbsXFXXXXXXXXXX_!!0-item_pic.jpg,268.00,满30元减10元,https://s.click.taobao.com/4VL96Hx
罗家精品 2016秋冬季女装新款 减龄童趣猫咪刺绣翻领显瘦衬衫上衣,http://img02.taobaocdn.com/bao/uploaded/i2/TB1raC1OFXXXXbIXFXXXXXXXXXX_!!0-item_pic.jpg,198.00,满30元减10元,https://s.click.taobao.com/F3O96Hx
棽婻-a327 新款2016冬装韩版女装圆领加绒百搭长袖打底连衣裙K-17,http://img01.taobaocdn.com/bao/uploaded/i1/56651352/TB2sJz4buNOdeFjSZFBXXctzXXa_!!56651352.jpg,57.00,5元无条件券,https://s.click.taobao.com/PHN96Hx
SecretBox2016秋冬新款女装中长款宽松V领开叉针织连衣裙毛衣裙,http://img02.taobaocdn.com/bao/uploaded/i2/38656902/TB2x3xkftuO.eBjSZFCXXXULFXa_!!38656902.jpg,188.00,5元无条件券,https://s.click.taobao.com/zoO96Hx
Lena藤井莉娜2016秋冬新款半身裙鸵鸟毛撞色A字裙包臀裙APD64040,http://img03.taobaocdn.com/bao/uploaded/i3/2745546598/TB2zGm0aCOI.eBjy1zkXXadxFXa_!!2745546598.jpg,198.00,10元无条件券,https://s.click.taobao.com/VlM96Hx
冬季新款复古吊带连衣裙女气质碎花印花不规则蛋糕裙丝绒中长裙女,http://img02.taobaocdn.com/bao/uploaded/i2/TB1kkMjOFXXXXXlaFXXXXXXXXXX_!!0-item_pic.jpg,85.00,满79元减3元,https://s.click.taobao.com/L1N96Hx
水貂毛V领毛呢裙连衣裙女高腰中长裙大摆宽松气质系带收腰秋冬装,http://img04.taobaocdn.com/bao/uploaded/i4/891295387/TB2akFUabBnpuFjSZFGXXX51pXa_!!891295387.jpg,218.00,满169元减10元,https://s.click.taobao.com/xDJ96Hx
NICKI STUDIO 重工艺秋冬半身裙中长款针织裙子高腰大摆裙A字裙,http://img04.taobaocdn.com/bao/uploaded/i4/2606147995/TB204Q3tFXXXXa4XpXXXXXXXXXX_!!2606147995.jpg,139.00,5元无条件券,https://s.click.taobao.com/7vT96Hx
韩国东大门正品代购秋冬新款亮丝荷叶边半身裙百褶裙气质女T637,http://img02.taobaocdn.com/bao/uploaded/i2/206255987/TB2guHVap55V1Bjy0FoXXbVjFXa_!!206255987.jpg,398.00,满398元减20元,https://s.click.taobao.com/toO96Hx
秋冬季新品韩版女装百搭时尚刺绣花朵背带裙宽松显瘦呢料连衣裙女,http://img01.taobaocdn.com/bao/uploaded/i1/285892163/TB2Wtf5exaK.eBjSZFAXXczFXXa_!!285892163.jpg,109.60,5元无条件券,https://s.click.taobao.com/oJP96Hx
包邮 原创大码宽松棉麻衬衫女中长款圆点加绒磨毛衬衣长袖秋冬新,http://image.taobao.com/bao/uploaded/i6/TB1LcBEOXXXXXaXXVXXYXGcGpXX_M2.SS2,138.00,满59元减5元,https://s.click.taobao.com/N9T96Hx
2016秋冬系新品唐嫣同款翻领麂皮拼接复古A型蓬蓬裙摆中长连衣裙,http://image.taobao.com/bao/uploaded/i2/TB1zbvuNVXXXXafXXXXYXGcGpXX_M2.SS2,118.00,满69元减3元,https://s.click.taobao.com/2cR96Hx
唐家欧美欧美冬装新款圆领袖口拉链长袖修身灯芯绒包身裙连衣裙女,http://img02.taobaocdn.com/bao/uploaded/i2/TB1qKrnOFXXXXb9XFXXXXXXXXXX_!!0-item_pic.jpg,179.20,满50元减10元,https://s.click.taobao.com/0cR96Hx
松紧PU皮显瘦短裤冬装女新款韩版休闲显瘦气质百搭热裤皮短裤 潮,http://img03.taobaocdn.com/bao/uploaded/i3/1200778/TB2QBrOXr8kpuFjy0FcXXaUhpXa_!!1200778.jpg,45.00,5元无条件券,https://s.click.taobao.com/KsS96Hx
冬季韩版新款时尚高腰宽松加厚九分小脚裤百搭牛仔哈伦长裤女潮,http://img02.taobaocdn.com/bao/uploaded/i2/73861778/TB223ppdxaJ.eBjSsziXXaJ_XXa_!!73861778.jpg,98.00,5元无条件券,https://s.click.taobao.com/poO96Hx
森女复古文艺喇叭袖圆领系带连衣裙红色修身波西米亚大摆沙滩长裙,http://img03.taobaocdn.com/bao/uploaded/i3/2870503859/TB2._IgXBLxQeBjy0FnXXcQwpXa_!!2870503859.jpg,118.00,3元无条件券,https://s.click.taobao.com/ymN96Hx
FinnMoore玢摩ㄦ复古百搭宽松开衫长袖碎花绣花印花雪纺衬衫女,http://img04.taobaocdn.com/bao/uploaded/i4/2737915336/TB2n9UfXhfxQeBjSspjXXX4opXa_!!2737915336.jpg,129.00,5元无条件券,https://s.click.taobao.com/2WM96Hx
趣歌风尚★2016冬半高领九分袖菱形修身针织拼接连衣裙13A227,http://img03.taobaocdn.com/bao/uploaded/i3/TB1NAmNOpXXXXbeXpXXXXXXXXXX_!!0-item_pic.jpg,279.00,满99元减5元,https://s.click.taobao.com/Z0M96Hx
C小小四铁口高腰2016韩国呢子防走光百搭秋冬半身短裙裤女,http://img02.taobaocdn.com/bao/uploaded/i2/281502217/TB2QhWKdH5K.eBjy0FfXXbApVXa_!!281502217.jpg,119.00,10元无条件券,https://s.click.taobao.com/DIO96Hx
娉婵-a852 新款2016冬装韩版女装纯色加绒百搭小脚打底长裤L-15,http://img01.taobaocdn.com/bao/uploaded/i1/56651352/TB2QWMfbxhmpuFjSZFyXXcLdFXa_!!56651352.jpg,65.00,5元无条件券,https://s.click.taobao.com/OeT96Hx
2016冬季新款韩版气质纯色高腰毛呢休闲裤女学生时尚哈伦九分裤子,http://img02.taobaocdn.com/bao/uploaded/i2/71460541/TB2gJKkemGI.eBjSspcXXcVjFXa_!!71460541.jpg,99.99,满60元减5元,https://s.click.taobao.com/4HN96Hx
休闲裤女高腰流离秘密盒子2016新款复古羊毛坚条纹腰带毛呢阔腿裤,http://img01.taobaocdn.com/bao/uploaded/i1/112149972/TB2SlQaXwJlpuFjSspjXXcT.pXa_!!112149972.jpg,314.10,满99元减10元,https://s.click.taobao.com/tmN96Hx
金属色百褶裙秋冬金丝绒半身裙女高腰a字中长款韩版复古风琴裙,http://image.taobao.com/bao/uploaded/i6/TB150WPOFXXXXXyXVXXYXGcGpXX_M2.SS2,69.00,满40元减30元,https://s.click.taobao.com/6lL96Hx
TAKIYAS SHOP 16冬新款 加厚加绒裤脚不规则黑色打底裤/leggings,http://img03.taobaocdn.com/bao/uploaded/i3/310000/TB2xRMGeSmK.eBjSZPfXXce2pXa_!!310000.jpg,118.00,满99元减5元,https://s.click.taobao.com/lDJ96Hx
2016冬季新款韩版宽松纯色针织连衣裙女百搭显瘦高腰气质打底短裙,http://img02.taobaocdn.com/bao/uploaded/i2/380101244/TB2SpmuXOpnpuFjSZFkXXc4ZpXa_!!380101244.jpg,107.10,5元无条件券,https://s.click.taobao.com/pmN96Hx
唐家欧美2016秋装新款女装花呢拼接西装领长袖鱼尾裙OL短款连衣裙,http://img02.taobaocdn.com/bao/uploaded/i2/TB18rOLOVXXXXbLXFXXXXXXXXXX_!!0-item_pic.jpg,125.30,满50元减10元,https://s.click.taobao.com/zLQ96Hx
新款民族风女装秋装绣花修身短袖连衣裙中国风文艺刺绣长裙,http://img02.taobaocdn.com/bao/uploaded/i2/TB11pHwLFXXXXayXFXXXXXXXXXX_!!0-item_pic.jpg,58.78,满5元减3元,https://s.click.taobao.com/mmN96Hx
【13C】2016冬季格子呢裤哈伦休闲小脚裤西装裤长裤女 EK15,http://img03.taobaocdn.com/bao/uploaded/i3/39090641/TB2BhwmaZCO.eBjSZFzXXaRiVXa_!!39090641.jpg,174.10,10元无条件券,https://s.click.taobao.com/qbS96Hx
小耳出品原创冬季新款加绒加厚牛仔裤贴布个性口袋可拆卸休闲裤女,http://img03.taobaocdn.com/bao/uploaded/i3/1090075020/TB29Ac_dsCO.eBjSZFzXXaRiVXa_!!1090075020.jpg,95.00,3元无条件券,https://s.click.taobao.com/tyJ96Hx
【13C】定制 15冬新款 超温暖百搭加厚长款毛衣连衣裙 两色 DK13,http://img04.taobaocdn.com/bao/uploaded/i4/39090641/TB2sIOsaSGI.eBjSspcXXcVjFXa_!!39090641.jpg,188.10,10元无条件券,https://s.click.taobao.com/lXO96Hx
花溪◆海系列专柜品牌折扣女装2016秋冬新款无袖淑女呢料连衣裙潮,http://img04.taobaocdn.com/bao/uploaded/i4/71959883/TB2kew5XwJlpuFjSspjXXcT.pXa_!!71959883.jpg,29.99,满6元减5元,https://s.click.taobao.com/tLR96Hx
Ayuko 2016冬季新品pu皮裤女宽松秋冬款高腰宽松加绒加厚保暖,http://img01.taobaocdn.com/bao/uploaded/i1/503560051/TB2_Ie_cygSXeFjy0FcXXahAXXa_!!503560051.jpg,139.00,满99元减3元,https://s.click.taobao.com/oGN96Hx
呢子裙半身裙毛呢裙子秋冬高腰裙a字裙中长款黑色一步裙a型蓬蓬裙,http://image.taobao.com/bao/uploaded/i6/TB1K2T1KFXXXXc4XXXXYXGcGpXX_M2.SS2,158.00,3元无条件券,https://s.click.taobao.com/vkM96Hx
半身裙女高腰世界和平秘密盒子2016松紧腰直筒铅笔开叉毛针织短裙,http://img04.taobaocdn.com/bao/uploaded/i4/112149972/TB2o4jSbYOJ.eBjy1XaXXbNupXa_!!112149972.jpg,159.20,满99元减10元,https://s.click.taobao.com/B3P96Hx
罗家RMOJUL 2017春装女装新款 性感V领系带收腰印花朵真丝连衣裙,http://img04.taobaocdn.com/bao/uploaded/i4/TB1vBrPOFXXXXc7apXXXXXXXXXX_!!0-item_pic.jpg,288.00,满30元减10元,https://s.click.taobao.com/9YP96Hx
加绒皮裤女2016秋冬新款女装外穿高腰宽松pu裤子拼接羊羔毛打底裤,http://img02.taobaocdn.com/bao/uploaded/i2/550601704/TB2.G9Pd8aM.eBjSZFMXXcypVXa_!!550601704.jpg,89.00,3元无条件券,https://s.click.taobao.com/KjK96Hx
可然 花与叶/高端提花 羊毛呢子大码连衣裙 秋冬长款袍子原创女装,http://img04.taobaocdn.com/bao/uploaded/i4/315520326/TB2SyyrbUOO.eBjSZFLXXcxmXXa_!!315520326.jpg,499.00,满69元减10元,https://s.click.taobao.com/6OT96Hx
冬季黑色短裤女2016新款韩版高腰阔腿裤修身显瘦a字打底复古靴裤,http://img02.taobaocdn.com/bao/uploaded/i2/84269898/TB2INQ5XhvzQeBjSZFEXXbYEpXa_!!84269898.jpg,79.90,3元无条件券,https://s.click.taobao.com/5OT96Hx
JHXC 简单实用的高腰加厚毛呢短裤女秋冬纯色百搭显瘦阔腿a字短裤,http://img04.taobaocdn.com/bao/uploaded/i4/750666440/TB2b146XJXnpuFjSZFoXXXLcpXa_!!750666440.jpg,59.00,3元无条件券,https://s.click.taobao.com/lHO96Hx
欧美半高领兔毛长袖针织鱼尾连衣裙冬荷叶边纯色中长裙宽松毛线裙,http://img04.taobaocdn.com/bao/uploaded/i4/TB14FbzNVXXXXauXpXXXXXXXXXX_!!0-item_pic.jpg,169.00,满158元减5元,https://s.click.taobao.com/fXO96Hx
女装冬装2016新款潮 韩版宽松灯芯绒女裤背带裤 秋冬裤子女九分裤,http://img02.taobaocdn.com/bao/uploaded/i2/595412874/TB2Bc1wabJkpuFjy1zcXXa5FFXa_!!595412874.jpg,129.00,满6元减5元,https://s.click.taobao.com/ypQ96Hx
FENNDAS 老佛爷精致猫咪钉钻背带装饰璀璨蓝粗呢花背心裙秋冬,http://img01.taobaocdn.com/bao/uploaded/i1/158079687/TB20ky3aohnpuFjSZFEXXX0PFXa_!!158079687.jpg,398.00,5元无条件券,https://s.click.taobao.com/5GM96Hx
女裤子新款2016潮黑色大码哈伦九分裤女小脚铅笔裤pu皮裤休闲裤女,http://img01.taobaocdn.com/bao/uploaded/i1/704998060/TB269HEcw9J.eBjSsppXXXAAVXa_!!704998060.jpg,88.90,3元无条件券,https://s.click.taobao.com/0OT96Hx
凶猛熊猫2016秋冬新款加厚长裤韩版百搭高腰显瘦加绒牛仔休闲裤女,http://img01.taobaocdn.com/bao/uploaded/i1/136781748/TB2oU31dSCI.eBjy1XbXXbUBFXa_!!136781748.jpg,99.00,10元无条件券,https://s.click.taobao.com/VpP96Hx
高腰百褶裙毛呢半身裙冬季2016新款女韩版百搭松紧腰中长款呢子裙,http://img04.taobaocdn.com/bao/uploaded/i4/84269898/TB2xtXtd89J.eBjy0FoXXXyvpXa_!!84269898.jpg,69.90,3元无条件券,https://s.click.taobao.com/W6S96Hx
JHXC AA高腰牛仔裤女加绒加厚紧身弹力显瘦小脚裤铅笔裤冬季长裤,http://img03.taobaocdn.com/bao/uploaded/i3/750666440/TB2axkJX4oa61Bjy0FaXXcHwpXa_!!750666440.jpg,69.00,3元无条件券,https://s.click.taobao.com/pSJ96Hx
秋冬女装新款名媛气质小香风修身显瘦收腰裙子长袖针织连衣裙打底,http://img02.taobaocdn.com/bao/uploaded/i2/76658125/TB26642c9iJ.eBjSspfXXbBKFXa_!!76658125.jpg,128.00,满98元减5元,https://s.click.taobao.com/QVM96Hx
艾格Weekend冬装纯色加厚牛仔裤女150223116,http://img03.taobaocdn.com/bao/uploaded/i3/2750674939/TB2ovWlbNeK.eBjSZFlXXaywXXa_!!2750674939.jpg,119.00,满11元减10元,https://s.click.taobao.com/10M96Hx
宿本冬装新款文艺宽松鱼尾荷叶边格子毛呢背心裙中长款无袖连衣裙,http://img01.taobaocdn.com/bao/uploaded/i1/274912906/TB2kdyeal0lpuFjSszdXXcdxFXa_!!274912906.jpg,99.00,满6元减5元,https://s.click.taobao.com/upQ96Hx
一片绿。文艺复古 加厚粗条绒休闲裤 宽松哈伦小脚灯芯绒女裤秋冬,http://img02.taobaocdn.com/bao/uploaded/i2/1656260466/TB2gidDXvOM.eBjSZFqXXculVXa_!!1656260466.jpg,69.00,满59元减3元,https://s.click.taobao.com/XxK96Hx
2016冬装新款韩版百搭纯色高领显瘦中长款毛衣打底连衣裙女H12,http://img02.taobaocdn.com/bao/uploaded/i2/136781748/TB2eG_NabBmpuFjSZFAXXaQ0pXa_!!136781748.jpg,129.00,10元无条件券,https://s.click.taobao.com/Y4Q96Hx
凶猛熊猫2016冬装新款韩版百搭纯色圆领收腰打底针织连衣裙K11,http://img01.taobaocdn.com/bao/uploaded/i1/136781748/TB2PZcWd31J.eBjy0FpXXaMoXXa_!!136781748.jpg,99.00,10元无条件券,https://s.click.taobao.com/55R96Hx
2016女装小个子冬装韩版时尚百搭款加绒打底小脚裤休闲裤2403,http://img04.taobaocdn.com/bao/uploaded/i4/418607853/TB2nhXmfhaK.eBjSZFAXXczFXXa_!!418607853.jpg,69.00,满40元减5元,https://s.click.taobao.com/eqR96Hx
2016冬季新款女装 韩国修身九分西装裤 长裤直筒毛呢裤子休闲长裤,http://img02.taobaocdn.com/bao/uploaded/i2/37082293/TB2dN1vabRkpuFjSspmXXc.9XXa_!!37082293.jpg,156.00,5元无条件券,https://s.click.taobao.com/MDJ96Hx
猫酱紫/日系直筒高腰显瘦麂皮绒短裤 复古百搭休闲冬季打底裤,http://img01.taobaocdn.com/bao/uploaded/i1/1994593259/TB2lJJnahRzc1FjSZFPXXcGAFXa_!!1994593259.jpg,99.00,5元无条件券,https://s.click.taobao.com/sZQ96Hx
蔡珍妮の店  冬季新款纯棉牛仔裤女萝卜裤宽松长裤哈伦裤TD64063,http://img03.taobaocdn.com/bao/uploaded/i3/1911317289/TB2A4BeeV5N.eBjSZFKXXX_QVXa_!!1911317289.jpg,178.00,10元无条件券,https://s.click.taobao.com/b8T96Hx
罗家RMOJUL 2017春装女装新款 优雅系带翻领印花中长款真丝连衣裙,http://img04.taobaocdn.com/bao/uploaded/i4/TB1oW2NOFXXXXbgaXXXXXXXXXXX_!!0-item_pic.jpg,368.00,满30元减10元,https://s.click.taobao.com/zIP96Hx
娉婵-a847 新款2016冬装韩版女装圆领亮片开叉显瘦毛衣连衣裙L-15,http://img02.taobaocdn.com/bao/uploaded/i2/TB12a2NOFXXXXXoaFXXXXXXXXXX_!!0-item_pic.jpg,102.00,5元无条件券,https://s.click.taobao.com/yiK96Hx
小动物衬衫女长袖打底衫2017春装新款韩版冬娃娃领加厚雪纺衬衣潮,http://img02.taobaocdn.com/bao/uploaded/i2/TB1lJnfOFXXXXbRXFXXXXXXXXXX_!!0-item_pic.jpg,99.40,满99元减5元,https://s.click.taobao.com/bSJ96Hx
韩版时尚女装修身高腰针织连衣裙秋冬款2016新款显瘦中长打底裙子,http://img01.taobaocdn.com/bao/uploaded/i1/71460541/TB2a2ibagNlpuFjy0FfXXX3CpXa_!!71460541.jpg,119.99,满60元减5元,https://s.click.taobao.com/MHO96Hx
修身露锁骨性感针织衫套头毛衣上衣交叉V领露肩打底衫女长袖秋冬,http://img02.taobaocdn.com/bao/uploaded/i2/2387291039/TB27rKnbsaK.eBjSspjXXXL.XXa_!!2387291039.jpg,108.00,满79元减5元,https://s.click.taobao.com/viK96Hx
【柒柒家】2016新款韩版弹力修身显瘦裤袜秋冬加厚打底裤袜套装女,http://img02.taobaocdn.com/bao/uploaded/i2/240575018/TB2PnJTclyN.eBjSZFIXXXbUVXa_!!240575018.jpg,47.02,10元无条件券,https://s.click.taobao.com/ZTK96Hx
L 冬装新款女装2016 一粒扣牛仔小脚裤女百搭长裤子 加绒加厚,http://img04.taobaocdn.com/bao/uploaded/i4/20604171/TB22E7KdF5N.eBjSZFmXXboSXXa_!!20604171.jpg,86.00,满4元减3元,https://s.click.taobao.com/PuT96Hx
2016冬季新款喇叭裤女长裤修身显瘦抓绒加厚微喇女裤高腰西装裤潮,http://img01.taobaocdn.com/bao/uploaded/i1/675644440/TB2yGGDebeI.eBjSspkXXaXqVXa_!!675644440.jpg,118.00,满118元减5元,https://s.click.taobao.com/SrS96Hx
鱼尾裙连衣裙女2016新款秋冬立领收腰大红色冬裙显瘦修身a型裙子/,http://image.taobao.com/bao/uploaded/i4/TB1fhaqNVXXXXXaXVXXXXXXXXXX_!!1-item_pic.gif,189.00,满189元减20元,https://s.click.taobao.com/3VM96Hx
Sukii SR/2016冬 侧边金属环装饰百搭V领黑色背带裙.160271折,http://img03.taobaocdn.com/bao/uploaded/i3/TB1uK0VOFXXXXcGXpXXXXXXXXXX_!!0-item_pic.jpg,232.20,满199元减10元,https://s.click.taobao.com/CbS96Hx
海滩裙沙滩裙海边度假波西米亚长裙显瘦蕾丝露背吊带连衣裙礼服裙,http://img04.taobaocdn.com/bao/uploaded/i4/2479761659/TB2YvFfdAWM.eBjSZFhXXbdWpXa_!!2479761659.jpg,188.00,满100元减10元,https://s.click.taobao.com/8XO96Hx
唐家欧美秋冬新款高腰显瘦仿小羊皮阔腿裤九分裤黑色皮裤女休闲裤,http://img01.taobaocdn.com/bao/uploaded/i1/TB14rw0NVXXXXcCXFXXXXXXXXXX_!!0-item_pic.jpg,145.60,满50元减10元,https://s.click.taobao.com/h4R96Hx
DOOLITTLE 皮毛一体阔腿/收口毛绒长裤 随意门SYM 2016 冬季新款,http://img02.taobaocdn.com/bao/uploaded/i2/36046971/TB226PXam8mpuFjSZFMXXaxpVXa_!!36046971.jpg,359.40,10元无条件券,https://s.click.taobao.com/B0N96Hx
の[E345212] 笑涵阁 法式韵味 钩花镂空 蕾丝拼接针织裙 16冬9,http://img02.taobaocdn.com/bao/uploaded/i2/17358122/TB2dNREb8yN.eBjSZFgXXXmGXXa_!!17358122.jpg,249.00,满6元减5元,https://s.click.taobao.com/VdT96Hx
西西小可韩版休闲皮短裤加绒宽松高腰显瘦松紧腰阔腿裤短裤女潮,http://img02.taobaocdn.com/bao/uploaded/i2/TB1R26uOpXXXXbrXpXXXXXXXXXX_!!0-item_pic.jpg,108.50,满21元减20元,https://s.click.taobao.com/IDK96Hx
聚【买2送1 不退换】立领胸针小帽宽松七分袖针织连衣裙77C065,http://img04.taobaocdn.com/bao/uploaded/i4/178725139/TB2nWY0bypnpuFjSZFIXXXh2VXa_!!178725139.jpg,229.00,满99元减5元,https://s.click.taobao.com/56S96Hx
高腰膝盖大破洞牛仔裤小脚九分裤女秋季学生乞丐裤小脚裤修身显瘦,http://image.taobao.com/bao/uploaded/i4/TB1.0LiLpXXXXcCaXXXYXGcGpXX_M2.SS2,109.00,5元无条件券,https://s.click.taobao.com/gZQ96Hx
西西小可2016冬季新款高腰显瘦短裤直筒修身厚呢子短裤女韩版,http://img02.taobaocdn.com/bao/uploaded/i2/13410985/TB2XSWPXKJ8puFjy1XbXXagqVXa_!!13410985.jpg,95.20,满21元减20元,https://s.click.taobao.com/SdT96Hx
花吻秋冬季名媛短款小礼服女宴会晚礼服2016新款礼服裙蕾丝连衣裙,http://img01.taobaocdn.com/bao/uploaded/i1/TB1VXcdOXXXXXb_XpXXXXXXXXXX_!!0-item_pic.jpg,499.00,满359元减10元,https://s.click.taobao.com/w3Q96Hx
秋冬季新款荷叶边蕾丝修身a型赫本小黑裙女装显瘦鱼尾连衣裙加厚,http://img01.taobaocdn.com/bao/uploaded/i1/TB1VNcZOXXXXXc3XXXXXXXXXXXX_!!0-item_pic.jpg,125.00,5元无条件券,https://s.click.taobao.com/zaR96Hx
2016新款冬季女宝蓝色红色打底连衣裙长袖秋冬中长款修身显瘦 a型,http://img01.taobaocdn.com/bao/uploaded/i1/77889440/TB2q_cVXstnpuFjSZFKXXalFFXa_!!77889440.jpg,288.15,10元无条件券,https://s.click.taobao.com/nKR96Hx
MIUCO欧洲站冬装新款女装系带花边立领喇叭袖重工百褶打底连衣裙,http://img02.taobaocdn.com/bao/uploaded/i2/671012022/TB2CwxXX4tmpuFjSZFqXXbHFpXa_!!671012022.jpg,258.00,5元无条件券,https://s.click.taobao.com/bTL96Hx
罗家精品2016秋冬女装新 系带领碎花压褶雪纺连衣裙+流苏蕾丝罩衫,http://img02.taobaocdn.com/bao/uploaded/i2/TB1uEoqOpXXXXcqaXXXXXXXXXXX_!!0-item_pic.jpg,298.00,满30元减10元,https://s.click.taobao.com/ETK96Hx
罗家精品 2016冬季女装新款 时尚百搭款风琴百褶摆显瘦丝绒半身裙,http://img01.taobaocdn.com/bao/uploaded/i1/TB1V6G9OFXXXXXeXpXXXXXXXXXX_!!0-item_pic.jpg,128.00,满30元减10元,https://s.click.taobao.com/7uT96Hx
Aviva On Earth超好穿单腿白条纹松紧腰灰色小脚针织打底裤,http://img01.taobaocdn.com/bao/uploaded/i1/381329993/TB2w.DgXMSI.eBjy1XcXXc1jXXa_!!381329993.jpg,268.00,满10元减5元,https://s.click.taobao.com/klN96Hx
猫酱紫/原创日系学院风高腰灯芯绒加厚半身裙 立体叠位短裙A字裙,http://img02.taobaocdn.com/bao/uploaded/i2/TB1lcV0OXXXXXabXXXXXXXXXXXX_!!0-item_pic.jpg,59.00,5元无条件券,https://s.click.taobao.com/ZWN96Hx
直筒牛仔裤女高腰休闲裤毛边宽松学生百搭秋冬2016新款学院风长裤,http://img03.taobaocdn.com/bao/uploaded/i3/84269898/TB26.w9X0AvbeFjSspbXXbcOFXa_!!84269898.jpg,79.90,3元无条件券,https://s.click.taobao.com/9NT96Hx
阔腿裤女秋冬九分韩版加绒加厚大码高腰七分宽松运动休闲裤宽脚裤,http://img03.taobaocdn.com/bao/uploaded/i3/71741829/TB2N1bibV5N.eBjSZFvXXbvMFXa_!!71741829.jpg,89.00,满89元减5元,https://s.click.taobao.com/kKR96Hx
枪枪家2016秋冬新款气质名媛性感露肩显瘦小香风黑白针织连衣裙女,http://img04.taobaocdn.com/bao/uploaded/i4/34568354/TB2J03zdM1I.eBjSszeXXc2hpXa_!!34568354.jpg,111.60,10元无条件券,https://s.click.taobao.com/qCJ96Hx
罗家精品 2016冬季女装新款 优雅荷叶袖拼色立领修身大摆连衣裙,http://img03.taobaocdn.com/bao/uploaded/i3/TB1vCpyOFXXXXcnXpXXXXXXXXXX_!!0-item_pic.jpg,238.00,满30元减10元,https://s.click.taobao.com/TIP96Hx
艾格Weekend冬装做旧水洗修身小脚牛仔裤女150223081,http://img04.taobaocdn.com/bao/uploaded/i4/TB1_fqOMVXXXXb.XXXXXXXXXXXX_!!0-item_pic.jpg,158.00,满11元减10元,https://s.click.taobao.com/RiJ96Hx
阔腿裤脚宽松显瘦 韩版秋冬季巨柔软细腻马海毛呢裤子女士休闲裤,http://img03.taobaocdn.com/bao/uploaded/i3/TB1146MOFXXXXaeaXXXXXXXXXXX_!!0-item_pic.jpg,118.00,满99元减3元,https://s.click.taobao.com/7zL96Hx
2016冬装新款韩版百搭V领吊带修身显瘦打底外穿针织连衣裙女H12,http://img02.taobaocdn.com/bao/uploaded/i2/136781748/TB2tUxharlmpuFjSZFlXXbdQXXa_!!136781748.jpg,69.00,10元无条件券,https://s.click.taobao.com/3LS96Hx
【双12特供新品 0点开抢】时尚格纹呢料休闲裤KD205z,http://img02.taobaocdn.com/bao/uploaded/i2/69476562/TB2YT7PXUhnpuFjSZFpXXcpuXXa_!!69476562.jpg,98.40,5元无条件券,https://s.click.taobao.com/1LS96Hx
大瓶UNIHOME 超显瘦修腿型拼色 百搭水洗紧身牛仔裤女长裤小脚裤,http://img04.taobaocdn.com/bao/uploaded/i4/190069859/TB2mhySXuzz11Bjy1XdXXbfqVXa_!!190069859.jpg,169.00,20元无条件券,https://s.click.taobao.com/aaR96Hx
2016秋冬季新款韩版大码名媛女装 显瘦气质宽松长袖a字毛呢连衣裙,http://img03.taobaocdn.com/bao/uploaded/i3/2465935615/TB2nqjacSKI.eBjy1zcXXXIOpXa_!!2465935615.jpg,168.00,5元无条件券,https://s.click.taobao.com/aUM96Hx
艾格Weekend2016秋装休闲百褶连衣裙套装女160222261,http://img04.taobaocdn.com/bao/uploaded/i4/2750674939/TB2KLn2Xo5O.eBjSZFxXXaaJFXa_!!2750674939.jpg,274.00,满199元减30元,https://s.click.taobao.com/qCL96Hx
冬季新款时尚字母刺绣拼接勾花蕾丝连衣裙秋冬套头长袖中长裙子潮,http://img03.taobaocdn.com/bao/uploaded/i3/71460541/TB2djMjXrxmpuFjSZJiXXXauVXa_!!71460541.jpg,109.99,满60元减5元,https://s.click.taobao.com/LnO96Hx
冬季时尚复古喇叭袖印花雪纺连衣裙2016秋冬新款百搭套头中长裙子,http://img01.taobaocdn.com/bao/uploaded/i1/TB1tlgUOFXXXXXKXFXXXXXXXXXX_!!0-item_pic.jpg,89.99,满60元减5元,https://s.click.taobao.com/otT96Hx
通勤女装新款白色加厚加绒衬衫女长袖保暖冬季韩范打底条纹衬衣女,http://img01.taobaocdn.com/bao/uploaded/i1/71460541/TB2ub0iaEhnpuFjSZFpXXcpuXXa_!!71460541.jpg,89.99,满60元减5元,https://s.click.taobao.com/tKS96Hx
2016爱爱丸冬季新款松紧腰韩版灯芯绒休闲裤高腰小脚裤长裤女,http://image.taobao.com/bao/uploaded/i7/TB18vFmNpXXXXaYXpXXYXGcGpXX_M2.SS2,79.00,5元无条件券,https://s.click.taobao.com/b3Q96Hx
